claim_id,claim_text,true_label,example_id,claim,gold_label,gold_evidence,raw_evidence,model,condition,model_output,correct,error_type,notes
6539,Jack Falahee's birth year is 1989.,Supported,6539,Jack Falahee's birth year is 1989.,Supported,"Jack Ryan Falahee -LRB- born February 20 , 1989 -RRB- is an American actor .","[[[23298,28712,""Jack_Falahee"",0]]]",gpt-5.4,claim_only,Supported,Yes,,
6539,Jack Falahee's birth year is 1989.,Supported,6539,Jack Falahee's birth year is 1989.,Supported,"Jack Ryan Falahee -LRB- born February 20 , 1989 -RRB- is an American actor .","[[[23298,28712,""Jack_Falahee"",0]]]",gpt-5.4,claim_plus_evidence,Supported,Yes,,
6539,Jack Falahee's birth year is 1989.,Supported,6539,Jack Falahee's birth year is 1989.,Supported,"Jack Ryan Falahee -LRB- born February 20 , 1989 -RRB- is an American actor .","[[[23298,28712,""Jack_Falahee"",0]]]",gpt-5.4-mini,claim_only,Supported,Yes,,
6539,Jack Falahee's birth year is 1989.,Supported,6539,Jack Falahee's birth year is 1989.,Supported,"Jack Ryan Falahee -LRB- born February 20 , 1989 -RRB- is an American actor .","[[[23298,28712,""Jack_Falahee"",0]]]",gpt-5.4-mini,claim_plus_evidence,Supported,Yes,,
2405,Derek Hough starred in Make Your Move.,Supported,2405,Derek Hough starred in Make Your Move.,Supported,"In 2013 , he starred in Make Your Move , a Romeo and Juliet-inspired South Korean-American independent dance film .","[[[18216,22382,""Derek_Hough"",6]]]",gpt-5.4,claim_only,Supported,Yes,,
2405,Derek Hough starred in Make Your Move.,Supported,2405,Derek Hough starred in Make Your Move.,Supported,"In 2013 , he starred in Make Your Move , a Romeo and Juliet-inspired South Korean-American independent dance film .","[[[18216,22382,""Derek_Hough"",6]]]",gpt-5.4,claim_plus_evidence,Supported,Yes,,
2405,Derek Hough starred in Make Your Move.,Supported,2405,Derek Hough starred in Make Your Move.,Supported,"In 2013 , he starred in Make Your Move , a Romeo and Juliet-inspired South Korean-American independent dance film .","[[[18216,22382,""Derek_Hough"",6]]]",gpt-5.4-mini,claim_only,Supported,Yes,,
2405,Derek Hough starred in Make Your Move.,Supported,2405,Derek Hough starred in Make Your Move.,Supported,"In 2013 , he starred in Make Your Move , a Romeo and Juliet-inspired South Korean-American independent dance film .","[[[18216,22382,""Derek_Hough"",6]]]",gpt-5.4-mini,claim_plus_evidence,Supported,Yes,,
2938,Legendary Entertainment is an independent company.,Refuted,2938,Legendary Entertainment is an independent company.,Refuted,"Since 2016 , Legendary has been a subsidiary of the Chinese conglomerate Wanda Group .","[[[20280,24821,""Legendary_Entertainment"",2]]]",gpt-5.4,claim_only,Refuted,Yes,,
2938,Legendary Entertainment is an independent company.,Refuted,2938,Legendary Entertainment is an independent company.,Refuted,"Since 2016 , Legendary has been a subsidiary of the Chinese conglomerate Wanda Group .","[[[20280,24821,""Legendary_Entertainment"",2]]]",gpt-5.4,claim_plus_evidence,Refuted,Yes,,
2938,Legendary Entertainment is an independent company.,Refuted,2938,Legendary Entertainment is an independent company.,Refuted,"Since 2016 , Legendary has been a subsidiary of the Chinese conglomerate Wanda Group .","[[[20280,24821,""Legendary_Entertainment"",2]]]",gpt-5.4-mini,claim_only,Supported,No,refuted_to_supported,
2938,Legendary Entertainment is an independent company.,Refuted,2938,Legendary Entertainment is an independent company.,Refuted,"Since 2016 , Legendary has been a subsidiary of the Chinese conglomerate Wanda Group .","[[[20280,24821,""Legendary_Entertainment"",2]]]",gpt-5.4-mini,claim_plus_evidence,Refuted,Yes,,
4246,Meteora is a country album.,Refuted,4246,Meteora is a country album.,Refuted,Meteora is the second studio album by American rock band Linkin Park .,"[[[20510,25142,""Meteora_-LRB-album-RRB-"",0]],[[20510,25143,""Meteora_-LRB-album-RRB-"",13]]]",gpt-5.4,claim_only,Refuted,Yes,,
4246,Meteora is a country album.,Refuted,4246,Meteora is a country album.,Refuted,Meteora is the second studio album by American rock band Linkin Park .,"[[[20510,25142,""Meteora_-LRB-album-RRB-"",0]],[[20510,25143,""Meteora_-LRB-album-RRB-"",13]]]",gpt-5.4,claim_plus_evidence,Refuted,Yes,,
4246,Meteora is a country album.,Refuted,4246,Meteora is a country album.,Refuted,Meteora is the second studio album by American rock band Linkin Park .,"[[[20510,25142,""Meteora_-LRB-album-RRB-"",0]],[[20510,25143,""Meteora_-LRB-album-RRB-"",13]]]",gpt-5.4-mini,claim_only,Refuted,Yes,,
4246,Meteora is a country album.,Refuted,4246,Meteora is a country album.,Refuted,Meteora is the second studio album by American rock band Linkin Park .,"[[[20510,25142,""Meteora_-LRB-album-RRB-"",0]],[[20510,25143,""Meteora_-LRB-album-RRB-"",13]]]",gpt-5.4-mini,claim_plus_evidence,Refuted,Yes,,
9849,Michigan is not a U.S. state.,Refuted,9849,Michigan is not a U.S. state.,Refuted,Michigan -LSB- ˈmɪʃᵻgən -RSB- is a state in the Great Lakes and Midwestern regions of the United States .,"[[[24705,30504,""Michigan"",0]],[[24705,30505,""Michigan"",2]],[[24705,30506,""Michigan"",8],[24705,30506,""U.S._state"",0]]]",gpt-5.4,claim_only,Refuted,Yes,,
9849,Michigan is not a U.S. state.,Refuted,9849,Michigan is not a U.S. state.,Refuted,Michigan -LSB- ˈmɪʃᵻgən -RSB- is a state in the Great Lakes and Midwestern regions of the United States .,"[[[24705,30504,""Michigan"",0]],[[24705,30505,""Michigan"",2]],[[24705,30506,""Michigan"",8],[24705,30506,""U.S._state"",0]]]",gpt-5.4,claim_plus_evidence,Refuted,Yes,,
9849,Michigan is not a U.S. state.,Refuted,9849,Michigan is not a U.S. state.,Refuted,Michigan -LSB- ˈmɪʃᵻgən -RSB- is a state in the Great Lakes and Midwestern regions of the United States .,"[[[24705,30504,""Michigan"",0]],[[24705,30505,""Michigan"",2]],[[24705,30506,""Michigan"",8],[24705,30506,""U.S._state"",0]]]",gpt-5.4-mini,claim_only,Refuted,Yes,,
9849,Michigan is not a U.S. state.,Refuted,9849,Michigan is not a U.S. state.,Refuted,Michigan -LSB- ˈmɪʃᵻgən -RSB- is a state in the Great Lakes and Midwestern regions of the United States .,"[[[24705,30504,""Michigan"",0]],[[24705,30505,""Michigan"",2]],[[24705,30506,""Michigan"",8],[24705,30506,""U.S._state"",0]]]",gpt-5.4-mini,claim_plus_evidence,Refuted,Yes,,
1709,The IPhone 4 was marketed by Apple Inc..,Supported,1709,The IPhone 4 was marketed by Apple Inc..,Supported,The iPhone 4 is a smartphone that was designed and marketed by Apple Inc. .,"[[[17451,21604,""IPhone_4"",0]]]",gpt-5.4,claim_only,Supported,Yes,,
1709,The IPhone 4 was marketed by Apple Inc..,Supported,1709,The IPhone 4 was marketed by Apple Inc..,Supported,The iPhone 4 is a smartphone that was designed and marketed by Apple Inc. .,"[[[17451,21604,""IPhone_4"",0]]]",gpt-5.4,claim_plus_evidence,Supported,Yes,,
1709,The IPhone 4 was marketed by Apple Inc..,Supported,1709,The IPhone 4 was marketed by Apple Inc..,Supported,The iPhone 4 is a smartphone that was designed and marketed by Apple Inc. .,"[[[17451,21604,""IPhone_4"",0]]]",gpt-5.4-mini,claim_only,Supported,Yes,,
1709,The IPhone 4 was marketed by Apple Inc..,Supported,1709,The IPhone 4 was marketed by Apple Inc..,Supported,The iPhone 4 is a smartphone that was designed and marketed by Apple Inc. .,"[[[17451,21604,""IPhone_4"",0]]]",gpt-5.4-mini,claim_plus_evidence,Supported,Yes,,
8316,Brent Mydland was a member of the Grateful Dead.,Supported,8316,Brent Mydland was a member of the Grateful Dead.,Supported,"The other official members of the band are Tom Constanten -LRB- keyboards ; 1968 -- 1970 -RRB- , John Perry Barlow -LRB- nonperforming lyricist ; 1971 -- 1995 -RRB- , Keith Godchaux -LRB- keyboards ; 1971 -- 1979 -RRB- , Donna Godchaux -LRB- vocals ; 1972 -- 1979 -RRB- , Brent Mydland -LRB- keyboards , vocals ; 1979 -- 1990 -RRB- , and Vince Welnick -LRB- keyboards , vocals ; 1990 -- 1995 -RRB- .","[[[13512,16877,""Grateful_Dead"",15]]]",gpt-5.4,claim_only,Supported,Yes,,
8316,Brent Mydland was a member of the Grateful Dead.,Supported,8316,Brent Mydland was a member of the Grateful Dead.,Supported,"The other official members of the band are Tom Constanten -LRB- keyboards ; 1968 -- 1970 -RRB- , John Perry Barlow -LRB- nonperforming lyricist ; 1971 -- 1995 -RRB- , Keith Godchaux -LRB- keyboards ; 1971 -- 1979 -RRB- , Donna Godchaux -LRB- vocals ; 1972 -- 1979 -RRB- , Brent Mydland -LRB- keyboards , vocals ; 1979 -- 1990 -RRB- , and Vince Welnick -LRB- keyboards , vocals ; 1990 -- 1995 -RRB- .","[[[13512,16877,""Grateful_Dead"",15]]]",gpt-5.4,claim_plus_evidence,Supported,Yes,,
8316,Brent Mydland was a member of the Grateful Dead.,Supported,8316,Brent Mydland was a member of the Grateful Dead.,Supported,"The other official members of the band are Tom Constanten -LRB- keyboards ; 1968 -- 1970 -RRB- , John Perry Barlow -LRB- nonperforming lyricist ; 1971 -- 1995 -RRB- , Keith Godchaux -LRB- keyboards ; 1971 -- 1979 -RRB- , Donna Godchaux -LRB- vocals ; 1972 -- 1979 -RRB- , Brent Mydland -LRB- keyboards , vocals ; 1979 -- 1990 -RRB- , and Vince Welnick -LRB- keyboards , vocals ; 1990 -- 1995 -RRB- .","[[[13512,16877,""Grateful_Dead"",15]]]",gpt-5.4-mini,claim_only,Supported,Yes,,
8316,Brent Mydland was a member of the Grateful Dead.,Supported,8316,Brent Mydland was a member of the Grateful Dead.,Supported,"The other official members of the band are Tom Constanten -LRB- keyboards ; 1968 -- 1970 -RRB- , John Perry Barlow -LRB- nonperforming lyricist ; 1971 -- 1995 -RRB- , Keith Godchaux -LRB- keyboards ; 1971 -- 1979 -RRB- , Donna Godchaux -LRB- vocals ; 1972 -- 1979 -RRB- , Brent Mydland -LRB- keyboards , vocals ; 1979 -- 1990 -RRB- , and Vince Welnick -LRB- keyboards , vocals ; 1990 -- 1995 -RRB- .","[[[13512,16877,""Grateful_Dead"",15]]]",gpt-5.4-mini,claim_plus_evidence,Supported,Yes,,
9504,Pink covered the song Rhythm Nation.,Supported,9504,Pink covered the song Rhythm Nation.,Supported,"It has been covered by Pink , Crystal Kay , and Girls ' Generation and has also been performed on Glee , The X-Factor , and Britain 's Got Talent .","[[[24306,30041,""Rhythm_Nation"",23]]]",gpt-5.4,claim_only,Refuted,No,supported_to_refuted,
9504,Pink covered the song Rhythm Nation.,Supported,9504,Pink covered the song Rhythm Nation.,Supported,"It has been covered by Pink , Crystal Kay , and Girls ' Generation and has also been performed on Glee , The X-Factor , and Britain 's Got Talent .","[[[24306,30041,""Rhythm_Nation"",23]]]",gpt-5.4,claim_plus_evidence,Supported,Yes,,
9504,Pink covered the song Rhythm Nation.,Supported,9504,Pink covered the song Rhythm Nation.,Supported,"It has been covered by Pink , Crystal Kay , and Girls ' Generation and has also been performed on Glee , The X-Factor , and Britain 's Got Talent .","[[[24306,30041,""Rhythm_Nation"",23]]]",gpt-5.4-mini,claim_only,Refuted,No,supported_to_refuted,
9504,Pink covered the song Rhythm Nation.,Supported,9504,Pink covered the song Rhythm Nation.,Supported,"It has been covered by Pink , Crystal Kay , and Girls ' Generation and has also been performed on Glee , The X-Factor , and Britain 's Got Talent .","[[[24306,30041,""Rhythm_Nation"",23]]]",gpt-5.4-mini,claim_plus_evidence,Supported,Yes,,
1746,Sheryl Lee has yet to work with Woody Allen.,Refuted,1746,Sheryl Lee has yet to work with Woody Allen.,Refuted,"In 2016 , she appeared in Café Society , and also completed the Showtime revival of Twin Peaks -LRB- 2017 -RRB- , reprising her role of Laura Palmer .","[[[17502,21655,""Sheryl_Lee"",7],[17502,21655,""Cafe\u0301_Society_-LRB-film-RRB-"",0]]]",gpt-5.4,claim_only,Supported,No,refuted_to_supported,
1746,Sheryl Lee has yet to work with Woody Allen.,Refuted,1746,Sheryl Lee has yet to work with Woody Allen.,Refuted,"In 2016 , she appeared in Café Society , and also completed the Showtime revival of Twin Peaks -LRB- 2017 -RRB- , reprising her role of Laura Palmer .","[[[17502,21655,""Sheryl_Lee"",7],[17502,21655,""Cafe\u0301_Society_-LRB-film-RRB-"",0]]]",gpt-5.4,claim_plus_evidence,Refuted,Yes,,
1746,Sheryl Lee has yet to work with Woody Allen.,Refuted,1746,Sheryl Lee has yet to work with Woody Allen.,Refuted,"In 2016 , she appeared in Café Society , and also completed the Showtime revival of Twin Peaks -LRB- 2017 -RRB- , reprising her role of Laura Palmer .","[[[17502,21655,""Sheryl_Lee"",7],[17502,21655,""Cafe\u0301_Society_-LRB-film-RRB-"",0]]]",gpt-5.4-mini,claim_only,Supported,No,refuted_to_supported,
1746,Sheryl Lee has yet to work with Woody Allen.,Refuted,1746,Sheryl Lee has yet to work with Woody Allen.,Refuted,"In 2016 , she appeared in Café Society , and also completed the Showtime revival of Twin Peaks -LRB- 2017 -RRB- , reprising her role of Laura Palmer .","[[[17502,21655,""Sheryl_Lee"",7],[17502,21655,""Cafe\u0301_Society_-LRB-film-RRB-"",0]]]",gpt-5.4-mini,claim_plus_evidence,Refuted,Yes,,
1251,"Watertown, Massachusetts is in the most populous state in New England.",Supported,1251,"Watertown, Massachusetts is in the most populous state in New England.",Supported,"Watertown is one of fourteen Massachusetts municipalities that have applied for , and been granted , city forms of government but wish to retain `` The town of '' in their official names .","[[[16869,20883,""Watertown,_Massachusetts"",3],[16869,20883,""Massachusetts"",0]]]",gpt-5.4,claim_only,Supported,Yes,,
1251,"Watertown, Massachusetts is in the most populous state in New England.",Supported,1251,"Watertown, Massachusetts is in the most populous state in New England.",Supported,"Watertown is one of fourteen Massachusetts municipalities that have applied for , and been granted , city forms of government but wish to retain `` The town of '' in their official names .","[[[16869,20883,""Watertown,_Massachusetts"",3],[16869,20883,""Massachusetts"",0]]]",gpt-5.4,claim_plus_evidence,Supported,Yes,,
1251,"Watertown, Massachusetts is in the most populous state in New England.",Supported,1251,"Watertown, Massachusetts is in the most populous state in New England.",Supported,"Watertown is one of fourteen Massachusetts municipalities that have applied for , and been granted , city forms of government but wish to retain `` The town of '' in their official names .","[[[16869,20883,""Watertown,_Massachusetts"",3],[16869,20883,""Massachusetts"",0]]]",gpt-5.4-mini,claim_only,Supported,Yes,,
1251,"Watertown, Massachusetts is in the most populous state in New England.",Supported,1251,"Watertown, Massachusetts is in the most populous state in New England.",Supported,"Watertown is one of fourteen Massachusetts municipalities that have applied for , and been granted , city forms of government but wish to retain `` The town of '' in their official names .","[[[16869,20883,""Watertown,_Massachusetts"",3],[16869,20883,""Massachusetts"",0]]]",gpt-5.4-mini,claim_plus_evidence,Supported,Yes,,
4171,A monster is a creature.,Supported,4171,A monster is a creature.,Supported,"A monster is any creature , usually found in legends or horror fiction , that is often hideous and may produce fear or physical harm by its appearance or its actions .","[[[20414,24999,""Monster"",0]]]",gpt-5.4,claim_only,Supported,Yes,,
4171,A monster is a creature.,Supported,4171,A monster is a creature.,Supported,"A monster is any creature , usually found in legends or horror fiction , that is often hideous and may produce fear or physical harm by its appearance or its actions .","[[[20414,24999,""Monster"",0]]]",gpt-5.4,claim_plus_evidence,Supported,Yes,,
4171,A monster is a creature.,Supported,4171,A monster is a creature.,Supported,"A monster is any creature , usually found in legends or horror fiction , that is often hideous and may produce fear or physical harm by its appearance or its actions .","[[[20414,24999,""Monster"",0]]]",gpt-5.4-mini,claim_only,Supported,Yes,,
4171,A monster is a creature.,Supported,4171,A monster is a creature.,Supported,"A monster is any creature , usually found in legends or horror fiction , that is often hideous and may produce fear or physical harm by its appearance or its actions .","[[[20414,24999,""Monster"",0]]]",gpt-5.4-mini,claim_plus_evidence,Supported,Yes,,
7769,Tottenham Hotspur F.C. is Scottish.,Refuted,7769,Tottenham Hotspur F.C. is Scottish.,Refuted,"Tottenham Hotspur Football Club -LSB- ˈtɒtnəm , _ - tənəm -RSB- , commonly referred to as Spurs , is an English football club located in Tottenham , Haringey , London , that competes in the Premier League .","[[[12676,15824,""Tottenham_Hotspur_F.C."",0]],[[12676,15825,""Tottenham_Hotspur_F.C."",7]],[[12704,15853,""Tottenham_Hotspur_F.C."",0]]]",gpt-5.4,claim_only,Refuted,Yes,,
7769,Tottenham Hotspur F.C. is Scottish.,Refuted,7769,Tottenham Hotspur F.C. is Scottish.,Refuted,"Tottenham Hotspur Football Club -LSB- ˈtɒtnəm , _ - tənəm -RSB- , commonly referred to as Spurs , is an English football club located in Tottenham , Haringey , London , that competes in the Premier League .","[[[12676,15824,""Tottenham_Hotspur_F.C."",0]],[[12676,15825,""Tottenham_Hotspur_F.C."",7]],[[12704,15853,""Tottenham_Hotspur_F.C."",0]]]",gpt-5.4,claim_plus_evidence,Refuted,Yes,,
7769,Tottenham Hotspur F.C. is Scottish.,Refuted,7769,Tottenham Hotspur F.C. is Scottish.,Refuted,"Tottenham Hotspur Football Club -LSB- ˈtɒtnəm , _ - tənəm -RSB- , commonly referred to as Spurs , is an English football club located in Tottenham , Haringey , London , that competes in the Premier League .","[[[12676,15824,""Tottenham_Hotspur_F.C."",0]],[[12676,15825,""Tottenham_Hotspur_F.C."",7]],[[12704,15853,""Tottenham_Hotspur_F.C."",0]]]",gpt-5.4-mini,claim_only,Refuted,Yes,,
7769,Tottenham Hotspur F.C. is Scottish.,Refuted,7769,Tottenham Hotspur F.C. is Scottish.,Refuted,"Tottenham Hotspur Football Club -LSB- ˈtɒtnəm , _ - tənəm -RSB- , commonly referred to as Spurs , is an English football club located in Tottenham , Haringey , London , that competes in the Premier League .","[[[12676,15824,""Tottenham_Hotspur_F.C."",0]],[[12676,15825,""Tottenham_Hotspur_F.C."",7]],[[12704,15853,""Tottenham_Hotspur_F.C."",0]]]",gpt-5.4-mini,claim_plus_evidence,Refuted,Yes,,
8550,The Mirny (sloop-of-war) was commanded by a person.,Supported,8550,The Mirny (sloop-of-war) was commanded by a person.,Supported,"Mirny was a 20-gun sloop-of-war of the Imperial Russian Navy , the second ship of the First Russian Antarctic Expedition in 1819 -- 1821 , during which Faddey Bellingshausen -LRB- commander of the lead ship Vostok -RRB- and Mikhail Lazarev -LRB- commanding Mirny -RRB- circumnavigated the globe , discovered the continent of Antarctica and twice circumnavigated it , and discovered a number of islands and archipelagos in the Southern Ocean and the Pacific .","[[[13875,17377,""Mirny_-LRB-sloop-of-war-RRB-"",0]]]",gpt-5.4,claim_only,Supported,Yes,,
8550,The Mirny (sloop-of-war) was commanded by a person.,Supported,8550,The Mirny (sloop-of-war) was commanded by a person.,Supported,"Mirny was a 20-gun sloop-of-war of the Imperial Russian Navy , the second ship of the First Russian Antarctic Expedition in 1819 -- 1821 , during which Faddey Bellingshausen -LRB- commander of the lead ship Vostok -RRB- and Mikhail Lazarev -LRB- commanding Mirny -RRB- circumnavigated the globe , discovered the continent of Antarctica and twice circumnavigated it , and discovered a number of islands and archipelagos in the Southern Ocean and the Pacific .","[[[13875,17377,""Mirny_-LRB-sloop-of-war-RRB-"",0]]]",gpt-5.4,claim_plus_evidence,Supported,Yes,,
8550,The Mirny (sloop-of-war) was commanded by a person.,Supported,8550,The Mirny (sloop-of-war) was commanded by a person.,Supported,"Mirny was a 20-gun sloop-of-war of the Imperial Russian Navy , the second ship of the First Russian Antarctic Expedition in 1819 -- 1821 , during which Faddey Bellingshausen -LRB- commander of the lead ship Vostok -RRB- and Mikhail Lazarev -LRB- commanding Mirny -RRB- circumnavigated the globe , discovered the continent of Antarctica and twice circumnavigated it , and discovered a number of islands and archipelagos in the Southern Ocean and the Pacific .","[[[13875,17377,""Mirny_-LRB-sloop-of-war-RRB-"",0]]]",gpt-5.4-mini,claim_only,Supported,Yes,,
8550,The Mirny (sloop-of-war) was commanded by a person.,Supported,8550,The Mirny (sloop-of-war) was commanded by a person.,Supported,"Mirny was a 20-gun sloop-of-war of the Imperial Russian Navy , the second ship of the First Russian Antarctic Expedition in 1819 -- 1821 , during which Faddey Bellingshausen -LRB- commander of the lead ship Vostok -RRB- and Mikhail Lazarev -LRB- commanding Mirny -RRB- circumnavigated the globe , discovered the continent of Antarctica and twice circumnavigated it , and discovered a number of islands and archipelagos in the Southern Ocean and the Pacific .","[[[13875,17377,""Mirny_-LRB-sloop-of-war-RRB-"",0]]]",gpt-5.4-mini,claim_plus_evidence,Supported,Yes,,
10461,Kuching is in Sri Lanka.,Refuted,10461,Kuching is in Sri Lanka.,Refuted,"Kuching -LSB- ˈkuːtʃɪŋ -RSB- -LRB- Jawi : , -RRB- , officially the City of Kuching , is the capital and the most populous city in the state of Sarawak in Malaysia .","[[[25468,31392,""Kuching"",0]]]",gpt-5.4,claim_only,Refuted,Yes,,
10461,Kuching is in Sri Lanka.,Refuted,10461,Kuching is in Sri Lanka.,Refuted,"Kuching -LSB- ˈkuːtʃɪŋ -RSB- -LRB- Jawi : , -RRB- , officially the City of Kuching , is the capital and the most populous city in the state of Sarawak in Malaysia .","[[[25468,31392,""Kuching"",0]]]",gpt-5.4,claim_plus_evidence,Refuted,Yes,,
10461,Kuching is in Sri Lanka.,Refuted,10461,Kuching is in Sri Lanka.,Refuted,"Kuching -LSB- ˈkuːtʃɪŋ -RSB- -LRB- Jawi : , -RRB- , officially the City of Kuching , is the capital and the most populous city in the state of Sarawak in Malaysia .","[[[25468,31392,""Kuching"",0]]]",gpt-5.4-mini,claim_only,Refuted,Yes,,
10461,Kuching is in Sri Lanka.,Refuted,10461,Kuching is in Sri Lanka.,Refuted,"Kuching -LSB- ˈkuːtʃɪŋ -RSB- -LRB- Jawi : , -RRB- , officially the City of Kuching , is the capital and the most populous city in the state of Sarawak in Malaysia .","[[[25468,31392,""Kuching"",0]]]",gpt-5.4-mini,claim_plus_evidence,Refuted,Yes,,
5578,Australia (2008 film) production took place in Kununurra.,Supported,5578,Australia (2008 film) production took place in Kununurra.,Supported,"Production took place in Sydney , Darwin , Kununurra , and Bowen .","[[[23104,28449,""Australia_-LRB-2008_film-RRB-"",4]]]",gpt-5.4,claim_only,Supported,Yes,,
5578,Australia (2008 film) production took place in Kununurra.,Supported,5578,Australia (2008 film) production took place in Kununurra.,Supported,"Production took place in Sydney , Darwin , Kununurra , and Bowen .","[[[23104,28449,""Australia_-LRB-2008_film-RRB-"",4]]]",gpt-5.4,claim_plus_evidence,Supported,Yes,,
5578,Australia (2008 film) production took place in Kununurra.,Supported,5578,Australia (2008 film) production took place in Kununurra.,Supported,"Production took place in Sydney , Darwin , Kununurra , and Bowen .","[[[23104,28449,""Australia_-LRB-2008_film-RRB-"",4]]]",gpt-5.4-mini,claim_only,Supported,Yes,,
5578,Australia (2008 film) production took place in Kununurra.,Supported,5578,Australia (2008 film) production took place in Kununurra.,Supported,"Production took place in Sydney , Darwin , Kununurra , and Bowen .","[[[23104,28449,""Australia_-LRB-2008_film-RRB-"",4]]]",gpt-5.4-mini,claim_plus_evidence,Supported,Yes,,
849,John S. McCain Jr. graduated in 1931.,Supported,849,John S. McCain Jr. graduated in 1931.,Supported,"McCain grew up in Washington , D.C. , and graduated from the U.S. Naval Academy in 1931 , after which he entered the submarine service .","[[[16356,20288,""John_S._McCain_Jr."",3]]]",gpt-5.4,claim_only,Supported,Yes,,
849,John S. McCain Jr. graduated in 1931.,Supported,849,John S. McCain Jr. graduated in 1931.,Supported,"McCain grew up in Washington , D.C. , and graduated from the U.S. Naval Academy in 1931 , after which he entered the submarine service .","[[[16356,20288,""John_S._McCain_Jr."",3]]]",gpt-5.4,claim_plus_evidence,Supported,Yes,,
849,John S. McCain Jr. graduated in 1931.,Supported,849,John S. McCain Jr. graduated in 1931.,Supported,"McCain grew up in Washington , D.C. , and graduated from the U.S. Naval Academy in 1931 , after which he entered the submarine service .","[[[16356,20288,""John_S._McCain_Jr."",3]]]",gpt-5.4-mini,claim_only,Refuted,No,supported_to_refuted,
849,John S. McCain Jr. graduated in 1931.,Supported,849,John S. McCain Jr. graduated in 1931.,Supported,"McCain grew up in Washington , D.C. , and graduated from the U.S. Naval Academy in 1931 , after which he entered the submarine service .","[[[16356,20288,""John_S._McCain_Jr."",3]]]",gpt-5.4-mini,claim_plus_evidence,Supported,Yes,,
3119,The University of Illinois at Chicago is located in Jamaica.,Refuted,3119,The University of Illinois at Chicago is located in Jamaica.,Refuted,"The University of Illinois at Chicago or UIC is a state-funded public research-intensive university located in Chicago , Illinois , United States .","[[[19043,23344,""University_of_Illinois_at_Chicago"",0]]]",gpt-5.4,claim_only,Refuted,Yes,,
3119,The University of Illinois at Chicago is located in Jamaica.,Refuted,3119,The University of Illinois at Chicago is located in Jamaica.,Refuted,"The University of Illinois at Chicago or UIC is a state-funded public research-intensive university located in Chicago , Illinois , United States .","[[[19043,23344,""University_of_Illinois_at_Chicago"",0]]]",gpt-5.4,claim_plus_evidence,Refuted,Yes,,
3119,The University of Illinois at Chicago is located in Jamaica.,Refuted,3119,The University of Illinois at Chicago is located in Jamaica.,Refuted,"The University of Illinois at Chicago or UIC is a state-funded public research-intensive university located in Chicago , Illinois , United States .","[[[19043,23344,""University_of_Illinois_at_Chicago"",0]]]",gpt-5.4-mini,claim_only,Refuted,Yes,,
3119,The University of Illinois at Chicago is located in Jamaica.,Refuted,3119,The University of Illinois at Chicago is located in Jamaica.,Refuted,"The University of Illinois at Chicago or UIC is a state-funded public research-intensive university located in Chicago , Illinois , United States .","[[[19043,23344,""University_of_Illinois_at_Chicago"",0]]]",gpt-5.4-mini,claim_plus_evidence,Refuted,Yes,,
10650,Rehab is Amy Winehouse's signature song.,Supported,10650,Rehab is Amy Winehouse's signature song.,Supported,"`` Rehab '' has become a critical and commercial success internationally , and has been referred to as Winehouse 's `` signature song '' .","[[[21375,26267,""Rehab_-LRB-Amy_Winehouse_song-RRB-"",5]],[[23013,28357,""Rehab_-LRB-Amy_Winehouse_song-RRB-"",5]],[[24145,29873,""Rehab_-LRB-Amy_Winehouse_song-RRB-"",5]],[[301572,292680,""Rehab_-LRB-Amy_Winehouse_song-RRB-"",5]]]",gpt-5.4,claim_only,Supported,Yes,,
10650,Rehab is Amy Winehouse's signature song.,Supported,10650,Rehab is Amy Winehouse's signature song.,Supported,"`` Rehab '' has become a critical and commercial success internationally , and has been referred to as Winehouse 's `` signature song '' .","[[[21375,26267,""Rehab_-LRB-Amy_Winehouse_song-RRB-"",5]],[[23013,28357,""Rehab_-LRB-Amy_Winehouse_song-RRB-"",5]],[[24145,29873,""Rehab_-LRB-Amy_Winehouse_song-RRB-"",5]],[[301572,292680,""Rehab_-LRB-Amy_Winehouse_song-RRB-"",5]]]",gpt-5.4,claim_plus_evidence,Supported,Yes,,
10650,Rehab is Amy Winehouse's signature song.,Supported,10650,Rehab is Amy Winehouse's signature song.,Supported,"`` Rehab '' has become a critical and commercial success internationally , and has been referred to as Winehouse 's `` signature song '' .","[[[21375,26267,""Rehab_-LRB-Amy_Winehouse_song-RRB-"",5]],[[23013,28357,""Rehab_-LRB-Amy_Winehouse_song-RRB-"",5]],[[24145,29873,""Rehab_-LRB-Amy_Winehouse_song-RRB-"",5]],[[301572,292680,""Rehab_-LRB-Amy_Winehouse_song-RRB-"",5]]]",gpt-5.4-mini,claim_only,Supported,Yes,,
10650,Rehab is Amy Winehouse's signature song.,Supported,10650,Rehab is Amy Winehouse's signature song.,Supported,"`` Rehab '' has become a critical and commercial success internationally , and has been referred to as Winehouse 's `` signature song '' .","[[[21375,26267,""Rehab_-LRB-Amy_Winehouse_song-RRB-"",5]],[[23013,28357,""Rehab_-LRB-Amy_Winehouse_song-RRB-"",5]],[[24145,29873,""Rehab_-LRB-Amy_Winehouse_song-RRB-"",5]],[[301572,292680,""Rehab_-LRB-Amy_Winehouse_song-RRB-"",5]]]",gpt-5.4-mini,claim_plus_evidence,Supported,Yes,,
2374,Anthony Scaramucci is not a political figure.,Refuted,2374,Anthony Scaramucci is not a political figure.,Refuted,"Anthony Scaramucci -LRB- born January 6 , 1964 -RRB- is an American entrepreneur , financier , political figure , and author .","[[[18190,22345,""Anthony_Scaramucci"",0]],[[18190,22346,""Anthony_Scaramucci"",3]]]",gpt-5.4,claim_only,Refuted,Yes,,
2374,Anthony Scaramucci is not a political figure.,Refuted,2374,Anthony Scaramucci is not a political figure.,Refuted,"Anthony Scaramucci -LRB- born January 6 , 1964 -RRB- is an American entrepreneur , financier , political figure , and author .","[[[18190,22345,""Anthony_Scaramucci"",0]],[[18190,22346,""Anthony_Scaramucci"",3]]]",gpt-5.4,claim_plus_evidence,Refuted,Yes,,
2374,Anthony Scaramucci is not a political figure.,Refuted,2374,Anthony Scaramucci is not a political figure.,Refuted,"Anthony Scaramucci -LRB- born January 6 , 1964 -RRB- is an American entrepreneur , financier , political figure , and author .","[[[18190,22345,""Anthony_Scaramucci"",0]],[[18190,22346,""Anthony_Scaramucci"",3]]]",gpt-5.4-mini,claim_only,Refuted,Yes,,
2374,Anthony Scaramucci is not a political figure.,Refuted,2374,Anthony Scaramucci is not a political figure.,Refuted,"Anthony Scaramucci -LRB- born January 6 , 1964 -RRB- is an American entrepreneur , financier , political figure , and author .","[[[18190,22345,""Anthony_Scaramucci"",0]],[[18190,22346,""Anthony_Scaramucci"",3]]]",gpt-5.4-mini,claim_plus_evidence,Refuted,Yes,,
7546,Brown University's main campus is located in the most populous city in Rhode Island.,Supported,7546,Brown University's main campus is located in the most populous city in Rhode Island.,Supported,"Brown 's main campus is located in the College Hill Historic District in the city of Providence , the third largest city in New England .","[[[12247,15340,""Brown_University"",19],[12247,15340,""Providence,_Rhode_Island"",0]]]",gpt-5.4,claim_only,Supported,Yes,,
7546,Brown University's main campus is located in the most populous city in Rhode Island.,Supported,7546,Brown University's main campus is located in the most populous city in Rhode Island.,Supported,"Brown 's main campus is located in the College Hill Historic District in the city of Providence , the third largest city in New England .","[[[12247,15340,""Brown_University"",19],[12247,15340,""Providence,_Rhode_Island"",0]]]",gpt-5.4,claim_plus_evidence,Supported,Yes,,
7546,Brown University's main campus is located in the most populous city in Rhode Island.,Supported,7546,Brown University's main campus is located in the most populous city in Rhode Island.,Supported,"Brown 's main campus is located in the College Hill Historic District in the city of Providence , the third largest city in New England .","[[[12247,15340,""Brown_University"",19],[12247,15340,""Providence,_Rhode_Island"",0]]]",gpt-5.4-mini,claim_only,Supported,Yes,,
7546,Brown University's main campus is located in the most populous city in Rhode Island.,Supported,7546,Brown University's main campus is located in the most populous city in Rhode Island.,Supported,"Brown 's main campus is located in the College Hill Historic District in the city of Providence , the third largest city in New England .","[[[12247,15340,""Brown_University"",19],[12247,15340,""Providence,_Rhode_Island"",0]]]",gpt-5.4-mini,claim_plus_evidence,Supported,Yes,,
7436,"Simon Pegg was born on February 14th, 1860.",Refuted,7436,"Simon Pegg was born on February 14th, 1860.",Refuted,"Simon John Pegg -LRB- né Beckingham ; born 14 February 1970 -RRB- is an English actor , comedian , screenwriter , and producer .","[[[12036,15081,""Simon_Pegg"",0]]]",gpt-5.4,claim_only,Refuted,Yes,,
7436,"Simon Pegg was born on February 14th, 1860.",Refuted,7436,"Simon Pegg was born on February 14th, 1860.",Refuted,"Simon John Pegg -LRB- né Beckingham ; born 14 February 1970 -RRB- is an English actor , comedian , screenwriter , and producer .","[[[12036,15081,""Simon_Pegg"",0]]]",gpt-5.4,claim_plus_evidence,Refuted,Yes,,
7436,"Simon Pegg was born on February 14th, 1860.",Refuted,7436,"Simon Pegg was born on February 14th, 1860.",Refuted,"Simon John Pegg -LRB- né Beckingham ; born 14 February 1970 -RRB- is an English actor , comedian , screenwriter , and producer .","[[[12036,15081,""Simon_Pegg"",0]]]",gpt-5.4-mini,claim_only,Refuted,Yes,,
7436,"Simon Pegg was born on February 14th, 1860.",Refuted,7436,"Simon Pegg was born on February 14th, 1860.",Refuted,"Simon John Pegg -LRB- né Beckingham ; born 14 February 1970 -RRB- is an English actor , comedian , screenwriter , and producer .","[[[12036,15081,""Simon_Pegg"",0]]]",gpt-5.4-mini,claim_plus_evidence,Refuted,Yes,,
327,Donald Duck typically wears a cap.,Supported,327,Donald Duck typically wears a cap.,Supported,He typically wears a sailor shirt and cap with a bow tie .,"[[[15699,19557,""Donald_Duck"",2]]]",gpt-5.4,claim_only,Refuted,No,supported_to_refuted,
327,Donald Duck typically wears a cap.,Supported,327,Donald Duck typically wears a cap.,Supported,He typically wears a sailor shirt and cap with a bow tie .,"[[[15699,19557,""Donald_Duck"",2]]]",gpt-5.4,claim_plus_evidence,Supported,Yes,,
327,Donald Duck typically wears a cap.,Supported,327,Donald Duck typically wears a cap.,Supported,He typically wears a sailor shirt and cap with a bow tie .,"[[[15699,19557,""Donald_Duck"",2]]]",gpt-5.4-mini,claim_only,Refuted,No,supported_to_refuted,
327,Donald Duck typically wears a cap.,Supported,327,Donald Duck typically wears a cap.,Supported,He typically wears a sailor shirt and cap with a bow tie .,"[[[15699,19557,""Donald_Duck"",2]]]",gpt-5.4-mini,claim_plus_evidence,Supported,Yes,,
7105,Zac Efron is Somali.,Refuted,7105,Zac Efron is Somali.,Refuted,"Zachary David Alexander Efron -LRB- born October 18 , 1987 -RRB- is an American actor and singer .","[[[24019,29727,""Zac_Efron"",0]]]",gpt-5.4,claim_only,Refuted,Yes,,
7105,Zac Efron is Somali.,Refuted,7105,Zac Efron is Somali.,Refuted,"Zachary David Alexander Efron -LRB- born October 18 , 1987 -RRB- is an American actor and singer .","[[[24019,29727,""Zac_Efron"",0]]]",gpt-5.4,claim_plus_evidence,Refuted,Yes,,
7105,Zac Efron is Somali.,Refuted,7105,Zac Efron is Somali.,Refuted,"Zachary David Alexander Efron -LRB- born October 18 , 1987 -RRB- is an American actor and singer .","[[[24019,29727,""Zac_Efron"",0]]]",gpt-5.4-mini,claim_only,Refuted,Yes,,
7105,Zac Efron is Somali.,Refuted,7105,Zac Efron is Somali.,Refuted,"Zachary David Alexander Efron -LRB- born October 18 , 1987 -RRB- is an American actor and singer .","[[[24019,29727,""Zac_Efron"",0]]]",gpt-5.4-mini,claim_plus_evidence,Refuted,Yes,,
8504,Jenna Jameson has been photographed.,Supported,8504,Jenna Jameson has been photographed.,Supported,"Advertisements for her site and films , often bearing her picture , have towered on a 48-foot-tall billboard in New York City 's Times Square .","[[[13805,17291,""Jenna_Jameson"",12]]]",gpt-5.4,claim_only,Supported,Yes,,
8504,Jenna Jameson has been photographed.,Supported,8504,Jenna Jameson has been photographed.,Supported,"Advertisements for her site and films , often bearing her picture , have towered on a 48-foot-tall billboard in New York City 's Times Square .","[[[13805,17291,""Jenna_Jameson"",12]]]",gpt-5.4,claim_plus_evidence,Supported,Yes,,
8504,Jenna Jameson has been photographed.,Supported,8504,Jenna Jameson has been photographed.,Supported,"Advertisements for her site and films , often bearing her picture , have towered on a 48-foot-tall billboard in New York City 's Times Square .","[[[13805,17291,""Jenna_Jameson"",12]]]",gpt-5.4-mini,claim_only,Supported,Yes,,
8504,Jenna Jameson has been photographed.,Supported,8504,Jenna Jameson has been photographed.,Supported,"Advertisements for her site and films , often bearing her picture , have towered on a 48-foot-tall billboard in New York City 's Times Square .","[[[13805,17291,""Jenna_Jameson"",12]]]",gpt-5.4-mini,claim_plus_evidence,Supported,Yes,,
1666,Ed Wood is about the eponymous filmmaker.,Supported,1666,Ed Wood is about the eponymous filmmaker.,Supported,"Ed Wood is a 1994 American biographical period comedy-drama film directed and produced by Tim Burton , and starring Johnny Depp as cult filmmaker Ed Wood .","[[[17401,21530,""Ed_Wood_-LRB-film-RRB-"",0]],[[17401,21531,""Ed_Wood_-LRB-film-RRB-"",1]]]",gpt-5.4,claim_only,Supported,Yes,,
1666,Ed Wood is about the eponymous filmmaker.,Supported,1666,Ed Wood is about the eponymous filmmaker.,Supported,"Ed Wood is a 1994 American biographical period comedy-drama film directed and produced by Tim Burton , and starring Johnny Depp as cult filmmaker Ed Wood .","[[[17401,21530,""Ed_Wood_-LRB-film-RRB-"",0]],[[17401,21531,""Ed_Wood_-LRB-film-RRB-"",1]]]",gpt-5.4,claim_plus_evidence,Supported,Yes,,
1666,Ed Wood is about the eponymous filmmaker.,Supported,1666,Ed Wood is about the eponymous filmmaker.,Supported,"Ed Wood is a 1994 American biographical period comedy-drama film directed and produced by Tim Burton , and starring Johnny Depp as cult filmmaker Ed Wood .","[[[17401,21530,""Ed_Wood_-LRB-film-RRB-"",0]],[[17401,21531,""Ed_Wood_-LRB-film-RRB-"",1]]]",gpt-5.4-mini,claim_only,Supported,Yes,,
1666,Ed Wood is about the eponymous filmmaker.,Supported,1666,Ed Wood is about the eponymous filmmaker.,Supported,"Ed Wood is a 1994 American biographical period comedy-drama film directed and produced by Tim Burton , and starring Johnny Depp as cult filmmaker Ed Wood .","[[[17401,21530,""Ed_Wood_-LRB-film-RRB-"",0]],[[17401,21531,""Ed_Wood_-LRB-film-RRB-"",1]]]",gpt-5.4-mini,claim_plus_evidence,Supported,Yes,,
1139,"Catherine Keener appeared in Synecdoche, New York.",Supported,1139,"Catherine Keener appeared in Synecdoche, New York.",Supported,"Keener also appeared in the films Into the Wild -LRB- 2007 -RRB- , Synecdoche , New York -LRB- 2008 -RRB- , and Get Out -LRB- 2017 -RRB- , which were well received by critics .","[[[16723,20722,""Catherine_Keener"",2]]]",gpt-5.4,claim_only,Supported,Yes,,
1139,"Catherine Keener appeared in Synecdoche, New York.",Supported,1139,"Catherine Keener appeared in Synecdoche, New York.",Supported,"Keener also appeared in the films Into the Wild -LRB- 2007 -RRB- , Synecdoche , New York -LRB- 2008 -RRB- , and Get Out -LRB- 2017 -RRB- , which were well received by critics .","[[[16723,20722,""Catherine_Keener"",2]]]",gpt-5.4,claim_plus_evidence,Supported,Yes,,
1139,"Catherine Keener appeared in Synecdoche, New York.",Supported,1139,"Catherine Keener appeared in Synecdoche, New York.",Supported,"Keener also appeared in the films Into the Wild -LRB- 2007 -RRB- , Synecdoche , New York -LRB- 2008 -RRB- , and Get Out -LRB- 2017 -RRB- , which were well received by critics .","[[[16723,20722,""Catherine_Keener"",2]]]",gpt-5.4-mini,claim_only,Supported,Yes,,
1139,"Catherine Keener appeared in Synecdoche, New York.",Supported,1139,"Catherine Keener appeared in Synecdoche, New York.",Supported,"Keener also appeared in the films Into the Wild -LRB- 2007 -RRB- , Synecdoche , New York -LRB- 2008 -RRB- , and Get Out -LRB- 2017 -RRB- , which were well received by critics .","[[[16723,20722,""Catherine_Keener"",2]]]",gpt-5.4-mini,claim_plus_evidence,Supported,Yes,,
2447,Colin Kaepernick is a football player.,Supported,2447,Colin Kaepernick is a football player.,Supported,"Colin Rand Kaepernick -LRB- -LSB- ` kæpərnɪk -RSB- ; born November 3 , 1987 -RRB- is an American football quarterback who is currently a free agent .","[[[18261,22425,""Colin_Kaepernick"",0]],[[18261,22426,""Colin_Kaepernick"",2]],[[18261,22427,""Colin_Kaepernick"",1]],[[18261,22428,""Colin_Kaepernick"",5]]]",gpt-5.4,claim_only,Supported,Yes,,
2447,Colin Kaepernick is a football player.,Supported,2447,Colin Kaepernick is a football player.,Supported,"Colin Rand Kaepernick -LRB- -LSB- ` kæpərnɪk -RSB- ; born November 3 , 1987 -RRB- is an American football quarterback who is currently a free agent .","[[[18261,22425,""Colin_Kaepernick"",0]],[[18261,22426,""Colin_Kaepernick"",2]],[[18261,22427,""Colin_Kaepernick"",1]],[[18261,22428,""Colin_Kaepernick"",5]]]",gpt-5.4,claim_plus_evidence,Supported,Yes,,
2447,Colin Kaepernick is a football player.,Supported,2447,Colin Kaepernick is a football player.,Supported,"Colin Rand Kaepernick -LRB- -LSB- ` kæpərnɪk -RSB- ; born November 3 , 1987 -RRB- is an American football quarterback who is currently a free agent .","[[[18261,22425,""Colin_Kaepernick"",0]],[[18261,22426,""Colin_Kaepernick"",2]],[[18261,22427,""Colin_Kaepernick"",1]],[[18261,22428,""Colin_Kaepernick"",5]]]",gpt-5.4-mini,claim_only,Supported,Yes,,
2447,Colin Kaepernick is a football player.,Supported,2447,Colin Kaepernick is a football player.,Supported,"Colin Rand Kaepernick -LRB- -LSB- ` kæpərnɪk -RSB- ; born November 3 , 1987 -RRB- is an American football quarterback who is currently a free agent .","[[[18261,22425,""Colin_Kaepernick"",0]],[[18261,22426,""Colin_Kaepernick"",2]],[[18261,22427,""Colin_Kaepernick"",1]],[[18261,22428,""Colin_Kaepernick"",5]]]",gpt-5.4-mini,claim_plus_evidence,Supported,Yes,,
10118,Barbarella is a film from 1968.,Supported,10118,Barbarella is a film from 1968.,Supported,Barbarella is a 1968 science fiction film directed by Roger Vadim based on the French comic Barbarella .,"[[[25041,30917,""Barbarella_-LRB-film-RRB-"",0]]]",gpt-5.4,claim_only,Supported,Yes,,
10118,Barbarella is a film from 1968.,Supported,10118,Barbarella is a film from 1968.,Supported,Barbarella is a 1968 science fiction film directed by Roger Vadim based on the French comic Barbarella .,"[[[25041,30917,""Barbarella_-LRB-film-RRB-"",0]]]",gpt-5.4,claim_plus_evidence,Supported,Yes,,
10118,Barbarella is a film from 1968.,Supported,10118,Barbarella is a film from 1968.,Supported,Barbarella is a 1968 science fiction film directed by Roger Vadim based on the French comic Barbarella .,"[[[25041,30917,""Barbarella_-LRB-film-RRB-"",0]]]",gpt-5.4-mini,claim_only,Supported,Yes,,
10118,Barbarella is a film from 1968.,Supported,10118,Barbarella is a film from 1968.,Supported,Barbarella is a 1968 science fiction film directed by Roger Vadim based on the French comic Barbarella .,"[[[25041,30917,""Barbarella_-LRB-film-RRB-"",0]]]",gpt-5.4-mini,claim_plus_evidence,Supported,Yes,,
5666,One Flew Over the Cuckoo's Nest won an Academy Award.,Supported,5666,One Flew Over the Cuckoo's Nest won an Academy Award.,Supported,"The film was the second to win all five major Academy Awards -LRB- Best Picture , Actor in Lead Role , Actress in Lead Role , Director , and Screenplay -RRB- following It Happened One Night in 1934 , an accomplishment not repeated until 1991 by The Silence of the Lambs .","[[[22333,27524,""One_Flew_Over_the_Cuckoo's_Nest_-LRB-film-RRB-"",5]]]",gpt-5.4,claim_only,Supported,Yes,,
5666,One Flew Over the Cuckoo's Nest won an Academy Award.,Supported,5666,One Flew Over the Cuckoo's Nest won an Academy Award.,Supported,"The film was the second to win all five major Academy Awards -LRB- Best Picture , Actor in Lead Role , Actress in Lead Role , Director , and Screenplay -RRB- following It Happened One Night in 1934 , an accomplishment not repeated until 1991 by The Silence of the Lambs .","[[[22333,27524,""One_Flew_Over_the_Cuckoo's_Nest_-LRB-film-RRB-"",5]]]",gpt-5.4,claim_plus_evidence,Supported,Yes,,
5666,One Flew Over the Cuckoo's Nest won an Academy Award.,Supported,5666,One Flew Over the Cuckoo's Nest won an Academy Award.,Supported,"The film was the second to win all five major Academy Awards -LRB- Best Picture , Actor in Lead Role , Actress in Lead Role , Director , and Screenplay -RRB- following It Happened One Night in 1934 , an accomplishment not repeated until 1991 by The Silence of the Lambs .","[[[22333,27524,""One_Flew_Over_the_Cuckoo's_Nest_-LRB-film-RRB-"",5]]]",gpt-5.4-mini,claim_only,Supported,Yes,,
5666,One Flew Over the Cuckoo's Nest won an Academy Award.,Supported,5666,One Flew Over the Cuckoo's Nest won an Academy Award.,Supported,"The film was the second to win all five major Academy Awards -LRB- Best Picture , Actor in Lead Role , Actress in Lead Role , Director , and Screenplay -RRB- following It Happened One Night in 1934 , an accomplishment not repeated until 1991 by The Silence of the Lambs .","[[[22333,27524,""One_Flew_Over_the_Cuckoo's_Nest_-LRB-film-RRB-"",5]]]",gpt-5.4-mini,claim_plus_evidence,Supported,Yes,,
7257,Hermit crabs are crustaceans in the superfamily Paguroidea.,Supported,7257,Hermit crabs are crustaceans in the superfamily Paguroidea.,Supported,Hermit crabs are decapod crustaceans of the superfamily Paguroidea .,"[[[11787,14784,""Hermit_crab"",0]]]",gpt-5.4,claim_only,Supported,Yes,,
7257,Hermit crabs are crustaceans in the superfamily Paguroidea.,Supported,7257,Hermit crabs are crustaceans in the superfamily Paguroidea.,Supported,Hermit crabs are decapod crustaceans of the superfamily Paguroidea .,"[[[11787,14784,""Hermit_crab"",0]]]",gpt-5.4,claim_plus_evidence,Supported,Yes,,
7257,Hermit crabs are crustaceans in the superfamily Paguroidea.,Supported,7257,Hermit crabs are crustaceans in the superfamily Paguroidea.,Supported,Hermit crabs are decapod crustaceans of the superfamily Paguroidea .,"[[[11787,14784,""Hermit_crab"",0]]]",gpt-5.4-mini,claim_only,Supported,Yes,,
7257,Hermit crabs are crustaceans in the superfamily Paguroidea.,Supported,7257,Hermit crabs are crustaceans in the superfamily Paguroidea.,Supported,Hermit crabs are decapod crustaceans of the superfamily Paguroidea .,"[[[11787,14784,""Hermit_crab"",0]]]",gpt-5.4-mini,claim_plus_evidence,Supported,Yes,,
4251,Solanum contains the leopards.,Refuted,4251,Solanum contains the leopards.,Refuted,"It also contains the nightshades and horse nettles , as well as numerous plants cultivated for their ornamental flowers and fruit .","[[[20512,25145,""Solanum"",1]]]",gpt-5.4,claim_only,Refuted,Yes,,
4251,Solanum contains the leopards.,Refuted,4251,Solanum contains the leopards.,Refuted,"It also contains the nightshades and horse nettles , as well as numerous plants cultivated for their ornamental flowers and fruit .","[[[20512,25145,""Solanum"",1]]]",gpt-5.4,claim_plus_evidence,Refuted,Yes,,
4251,Solanum contains the leopards.,Refuted,4251,Solanum contains the leopards.,Refuted,"It also contains the nightshades and horse nettles , as well as numerous plants cultivated for their ornamental flowers and fruit .","[[[20512,25145,""Solanum"",1]]]",gpt-5.4-mini,claim_only,Refuted,Yes,,
4251,Solanum contains the leopards.,Refuted,4251,Solanum contains the leopards.,Refuted,"It also contains the nightshades and horse nettles , as well as numerous plants cultivated for their ornamental flowers and fruit .","[[[20512,25145,""Solanum"",1]]]",gpt-5.4-mini,claim_plus_evidence,Refuted,Yes,,
9833,The State of Palestine claims East Lebanon.,Refuted,9833,The State of Palestine claims East Lebanon.,Refuted,The State of Palestine claims the West Bank -LRB- bordering Israel and Jordan -RRB- and Gaza Strip -LRB- bordering Israel and Egypt -RRB- with East Jerusalem as the designated capital .,"[[[24681,30473,""State_of_Palestine"",1]]]",gpt-5.4,claim_only,Refuted,Yes,,
9833,The State of Palestine claims East Lebanon.,Refuted,9833,The State of Palestine claims East Lebanon.,Refuted,The State of Palestine claims the West Bank -LRB- bordering Israel and Jordan -RRB- and Gaza Strip -LRB- bordering Israel and Egypt -RRB- with East Jerusalem as the designated capital .,"[[[24681,30473,""State_of_Palestine"",1]]]",gpt-5.4,claim_plus_evidence,Refuted,Yes,,
9833,The State of Palestine claims East Lebanon.,Refuted,9833,The State of Palestine claims East Lebanon.,Refuted,The State of Palestine claims the West Bank -LRB- bordering Israel and Jordan -RRB- and Gaza Strip -LRB- bordering Israel and Egypt -RRB- with East Jerusalem as the designated capital .,"[[[24681,30473,""State_of_Palestine"",1]]]",gpt-5.4-mini,claim_only,Refuted,Yes,,
9833,The State of Palestine claims East Lebanon.,Refuted,9833,The State of Palestine claims East Lebanon.,Refuted,The State of Palestine claims the West Bank -LRB- bordering Israel and Jordan -RRB- and Gaza Strip -LRB- bordering Israel and Egypt -RRB- with East Jerusalem as the designated capital .,"[[[24681,30473,""State_of_Palestine"",1]]]",gpt-5.4-mini,claim_plus_evidence,Refuted,Yes,,
4350,Kendall Jenner is a model.,Supported,4350,Kendall Jenner is a model.,Supported,"Kendall Nicole Jenner -LRB- born November 3 , 1995 -RRB- is an American fashion model and television personality .","[[[20619,25251,""Kendall_Jenner"",0]],[[20619,25252,""Kendall_Jenner"",1]],[[20619,25253,""Kendall_Jenner"",6]]]",gpt-5.4,claim_only,Supported,Yes,,
4350,Kendall Jenner is a model.,Supported,4350,Kendall Jenner is a model.,Supported,"Kendall Nicole Jenner -LRB- born November 3 , 1995 -RRB- is an American fashion model and television personality .","[[[20619,25251,""Kendall_Jenner"",0]],[[20619,25252,""Kendall_Jenner"",1]],[[20619,25253,""Kendall_Jenner"",6]]]",gpt-5.4,claim_plus_evidence,Supported,Yes,,
4350,Kendall Jenner is a model.,Supported,4350,Kendall Jenner is a model.,Supported,"Kendall Nicole Jenner -LRB- born November 3 , 1995 -RRB- is an American fashion model and television personality .","[[[20619,25251,""Kendall_Jenner"",0]],[[20619,25252,""Kendall_Jenner"",1]],[[20619,25253,""Kendall_Jenner"",6]]]",gpt-5.4-mini,claim_only,Supported,Yes,,
4350,Kendall Jenner is a model.,Supported,4350,Kendall Jenner is a model.,Supported,"Kendall Nicole Jenner -LRB- born November 3 , 1995 -RRB- is an American fashion model and television personality .","[[[20619,25251,""Kendall_Jenner"",0]],[[20619,25252,""Kendall_Jenner"",1]],[[20619,25253,""Kendall_Jenner"",6]]]",gpt-5.4-mini,claim_plus_evidence,Supported,Yes,,
2521,Akkineni Nageswara Rao plays in Daag.,Refuted,2521,Akkineni Nageswara Rao plays in Daag.,Refuted,"The film was later remade into the Telugu film Vichitra Jeevitham -LRB- 1978 -RRB- starring Akkineni Nageswara Rao , Vanisri , and Jayasudha .","[[[18357,22547,""Daag_-LRB-1973_film-RRB-"",10]]]",gpt-5.4,claim_only,Refuted,Yes,,
2521,Akkineni Nageswara Rao plays in Daag.,Refuted,2521,Akkineni Nageswara Rao plays in Daag.,Refuted,"The film was later remade into the Telugu film Vichitra Jeevitham -LRB- 1978 -RRB- starring Akkineni Nageswara Rao , Vanisri , and Jayasudha .","[[[18357,22547,""Daag_-LRB-1973_film-RRB-"",10]]]",gpt-5.4,claim_plus_evidence,Refuted,Yes,,
2521,Akkineni Nageswara Rao plays in Daag.,Refuted,2521,Akkineni Nageswara Rao plays in Daag.,Refuted,"The film was later remade into the Telugu film Vichitra Jeevitham -LRB- 1978 -RRB- starring Akkineni Nageswara Rao , Vanisri , and Jayasudha .","[[[18357,22547,""Daag_-LRB-1973_film-RRB-"",10]]]",gpt-5.4-mini,claim_only,Supported,No,refuted_to_supported,
2521,Akkineni Nageswara Rao plays in Daag.,Refuted,2521,Akkineni Nageswara Rao plays in Daag.,Refuted,"The film was later remade into the Telugu film Vichitra Jeevitham -LRB- 1978 -RRB- starring Akkineni Nageswara Rao , Vanisri , and Jayasudha .","[[[18357,22547,""Daag_-LRB-1973_film-RRB-"",10]]]",gpt-5.4-mini,claim_plus_evidence,Refuted,Yes,,
6270,Angela Bassett received a bachelor of arts degree from Yale University.,Supported,6270,Angela Bassett received a bachelor of arts degree from Yale University.,Supported,"Bassett began her film career in the mid-1980s , after earning a bachelor of arts degree from Yale University and a master of fine arts degree from drama school .","[[[23022,28365,""Angela_Bassett"",6]]]",gpt-5.4,claim_only,Supported,Yes,,
6270,Angela Bassett received a bachelor of arts degree from Yale University.,Supported,6270,Angela Bassett received a bachelor of arts degree from Yale University.,Supported,"Bassett began her film career in the mid-1980s , after earning a bachelor of arts degree from Yale University and a master of fine arts degree from drama school .","[[[23022,28365,""Angela_Bassett"",6]]]",gpt-5.4,claim_plus_evidence,Supported,Yes,,
6270,Angela Bassett received a bachelor of arts degree from Yale University.,Supported,6270,Angela Bassett received a bachelor of arts degree from Yale University.,Supported,"Bassett began her film career in the mid-1980s , after earning a bachelor of arts degree from Yale University and a master of fine arts degree from drama school .","[[[23022,28365,""Angela_Bassett"",6]]]",gpt-5.4-mini,claim_only,Supported,Yes,,
6270,Angela Bassett received a bachelor of arts degree from Yale University.,Supported,6270,Angela Bassett received a bachelor of arts degree from Yale University.,Supported,"Bassett began her film career in the mid-1980s , after earning a bachelor of arts degree from Yale University and a master of fine arts degree from drama school .","[[[23022,28365,""Angela_Bassett"",6]]]",gpt-5.4-mini,claim_plus_evidence,Supported,Yes,,
4091,Zac Efron's full name is Zac David Alexander Efron.,Refuted,4091,Zac Efron's full name is Zac David Alexander Efron.,Refuted,"Zachary David Alexander Efron -LRB- born October 18 , 1987 -RRB- is an American actor and singer .","[[[20325,24887,""Zac_Efron"",0]]]",gpt-5.4,claim_only,Refuted,Yes,,
4091,Zac Efron's full name is Zac David Alexander Efron.,Refuted,4091,Zac Efron's full name is Zac David Alexander Efron.,Refuted,"Zachary David Alexander Efron -LRB- born October 18 , 1987 -RRB- is an American actor and singer .","[[[20325,24887,""Zac_Efron"",0]]]",gpt-5.4,claim_plus_evidence,Supported,No,refuted_to_supported,
4091,Zac Efron's full name is Zac David Alexander Efron.,Refuted,4091,Zac Efron's full name is Zac David Alexander Efron.,Refuted,"Zachary David Alexander Efron -LRB- born October 18 , 1987 -RRB- is an American actor and singer .","[[[20325,24887,""Zac_Efron"",0]]]",gpt-5.4-mini,claim_only,Supported,No,refuted_to_supported,
4091,Zac Efron's full name is Zac David Alexander Efron.,Refuted,4091,Zac Efron's full name is Zac David Alexander Efron.,Refuted,"Zachary David Alexander Efron -LRB- born October 18 , 1987 -RRB- is an American actor and singer .","[[[20325,24887,""Zac_Efron"",0]]]",gpt-5.4-mini,claim_plus_evidence,Supported,No,refuted_to_supported,
354,LinkedIn is available in zero languages as of 2013.,Refuted,354,LinkedIn is available in zero languages as of 2013.,Refuted,"Based in the United States , the site is , as of 2013 , available in 24 languages , including Arabic , Chinese , English , French , German , Italian , Portuguese , Spanish , Dutch , Swedish , Danish , Romanian , Russian , Turkish , Japanese , Czech , Polish , Korean , Indonesian , Malay , and Tagalog .","[[[15750,19609,""LinkedIn"",14]]]",gpt-5.4,claim_only,Refuted,Yes,,
354,LinkedIn is available in zero languages as of 2013.,Refuted,354,LinkedIn is available in zero languages as of 2013.,Refuted,"Based in the United States , the site is , as of 2013 , available in 24 languages , including Arabic , Chinese , English , French , German , Italian , Portuguese , Spanish , Dutch , Swedish , Danish , Romanian , Russian , Turkish , Japanese , Czech , Polish , Korean , Indonesian , Malay , and Tagalog .","[[[15750,19609,""LinkedIn"",14]]]",gpt-5.4,claim_plus_evidence,Refuted,Yes,,
354,LinkedIn is available in zero languages as of 2013.,Refuted,354,LinkedIn is available in zero languages as of 2013.,Refuted,"Based in the United States , the site is , as of 2013 , available in 24 languages , including Arabic , Chinese , English , French , German , Italian , Portuguese , Spanish , Dutch , Swedish , Danish , Romanian , Russian , Turkish , Japanese , Czech , Polish , Korean , Indonesian , Malay , and Tagalog .","[[[15750,19609,""LinkedIn"",14]]]",gpt-5.4-mini,claim_only,Refuted,Yes,,
354,LinkedIn is available in zero languages as of 2013.,Refuted,354,LinkedIn is available in zero languages as of 2013.,Refuted,"Based in the United States , the site is , as of 2013 , available in 24 languages , including Arabic , Chinese , English , French , German , Italian , Portuguese , Spanish , Dutch , Swedish , Danish , Romanian , Russian , Turkish , Japanese , Czech , Polish , Korean , Indonesian , Malay , and Tagalog .","[[[15750,19609,""LinkedIn"",14]]]",gpt-5.4-mini,claim_plus_evidence,Refuted,Yes,,
9860,Bob Ross created the Internet.,Refuted,9860,Bob Ross created the Internet.,Refuted,"He was the creator and host of The Joy of Painting , an instructional television program that aired from 1983 to 1994 on PBS in the United States , and also aired in Canada , Latin America , and Europe .","[[[26019,31954,""Bob_Ross"",1]]]",gpt-5.4,claim_only,Refuted,Yes,,
9860,Bob Ross created the Internet.,Refuted,9860,Bob Ross created the Internet.,Refuted,"He was the creator and host of The Joy of Painting , an instructional television program that aired from 1983 to 1994 on PBS in the United States , and also aired in Canada , Latin America , and Europe .","[[[26019,31954,""Bob_Ross"",1]]]",gpt-5.4,claim_plus_evidence,Refuted,Yes,,
9860,Bob Ross created the Internet.,Refuted,9860,Bob Ross created the Internet.,Refuted,"He was the creator and host of The Joy of Painting , an instructional television program that aired from 1983 to 1994 on PBS in the United States , and also aired in Canada , Latin America , and Europe .","[[[26019,31954,""Bob_Ross"",1]]]",gpt-5.4-mini,claim_only,Refuted,Yes,,
9860,Bob Ross created the Internet.,Refuted,9860,Bob Ross created the Internet.,Refuted,"He was the creator and host of The Joy of Painting , an instructional television program that aired from 1983 to 1994 on PBS in the United States , and also aired in Canada , Latin America , and Europe .","[[[26019,31954,""Bob_Ross"",1]]]",gpt-5.4-mini,claim_plus_evidence,Refuted,Yes,,
6833,Chris Benoit's middle name is Michael.,Supported,6833,Chris Benoit's middle name is Michael.,Supported,"Christopher Michael Benoit -LRB- -LSB- bəˈnwa -RSB- ; May 21 , 1967 -- June 24 , 2007 -RRB- was a Canadian professional wrestler .","[[[23746,29405,""Chris_Benoit"",0]]]",gpt-5.4,claim_only,Supported,Yes,,
6833,Chris Benoit's middle name is Michael.,Supported,6833,Chris Benoit's middle name is Michael.,Supported,"Christopher Michael Benoit -LRB- -LSB- bəˈnwa -RSB- ; May 21 , 1967 -- June 24 , 2007 -RRB- was a Canadian professional wrestler .","[[[23746,29405,""Chris_Benoit"",0]]]",gpt-5.4,claim_plus_evidence,Supported,Yes,,
6833,Chris Benoit's middle name is Michael.,Supported,6833,Chris Benoit's middle name is Michael.,Supported,"Christopher Michael Benoit -LRB- -LSB- bəˈnwa -RSB- ; May 21 , 1967 -- June 24 , 2007 -RRB- was a Canadian professional wrestler .","[[[23746,29405,""Chris_Benoit"",0]]]",gpt-5.4-mini,claim_only,Refuted,No,supported_to_refuted,
6833,Chris Benoit's middle name is Michael.,Supported,6833,Chris Benoit's middle name is Michael.,Supported,"Christopher Michael Benoit -LRB- -LSB- bəˈnwa -RSB- ; May 21 , 1967 -- June 24 , 2007 -RRB- was a Canadian professional wrestler .","[[[23746,29405,""Chris_Benoit"",0]]]",gpt-5.4-mini,claim_plus_evidence,Supported,Yes,,
10379,The horse was not called a Eohippus when it had multiple toes.,Refuted,10379,The horse was not called a Eohippus when it had multiple toes.,Refuted,"The horse has evolved over the past 45 to 55 million years from a small multi-toed creature , Eohippus , into the large , single-toed animal of today .","[[[25352,31268,""Horse"",2]]]",gpt-5.4,claim_only,Refuted,Yes,,
10379,The horse was not called a Eohippus when it had multiple toes.,Refuted,10379,The horse was not called a Eohippus when it had multiple toes.,Refuted,"The horse has evolved over the past 45 to 55 million years from a small multi-toed creature , Eohippus , into the large , single-toed animal of today .","[[[25352,31268,""Horse"",2]]]",gpt-5.4,claim_plus_evidence,Refuted,Yes,,
10379,The horse was not called a Eohippus when it had multiple toes.,Refuted,10379,The horse was not called a Eohippus when it had multiple toes.,Refuted,"The horse has evolved over the past 45 to 55 million years from a small multi-toed creature , Eohippus , into the large , single-toed animal of today .","[[[25352,31268,""Horse"",2]]]",gpt-5.4-mini,claim_only,Supported,No,refuted_to_supported,
10379,The horse was not called a Eohippus when it had multiple toes.,Refuted,10379,The horse was not called a Eohippus when it had multiple toes.,Refuted,"The horse has evolved over the past 45 to 55 million years from a small multi-toed creature , Eohippus , into the large , single-toed animal of today .","[[[25352,31268,""Horse"",2]]]",gpt-5.4-mini,claim_plus_evidence,Refuted,Yes,,
1076,James Jones missed the finals once.,Supported,1076,James Jones missed the finals once.,Supported,Jones has never been on an NBA team with a losing record and has only missed the playoffs once -- with the Trail Blazers in 2007 -- 08 .,"[[[16656,20622,""James_Jones_-LRB-basketball_player-RRB-"",15],[16656,20622,""NBA_playoffs"",0]]]",gpt-5.4,claim_only,Refuted,No,supported_to_refuted,
1076,James Jones missed the finals once.,Supported,1076,James Jones missed the finals once.,Supported,Jones has never been on an NBA team with a losing record and has only missed the playoffs once -- with the Trail Blazers in 2007 -- 08 .,"[[[16656,20622,""James_Jones_-LRB-basketball_player-RRB-"",15],[16656,20622,""NBA_playoffs"",0]]]",gpt-5.4,claim_plus_evidence,Refuted,No,supported_to_refuted,
1076,James Jones missed the finals once.,Supported,1076,James Jones missed the finals once.,Supported,Jones has never been on an NBA team with a losing record and has only missed the playoffs once -- with the Trail Blazers in 2007 -- 08 .,"[[[16656,20622,""James_Jones_-LRB-basketball_player-RRB-"",15],[16656,20622,""NBA_playoffs"",0]]]",gpt-5.4-mini,claim_only,Supported,Yes,,
1076,James Jones missed the finals once.,Supported,1076,James Jones missed the finals once.,Supported,Jones has never been on an NBA team with a losing record and has only missed the playoffs once -- with the Trail Blazers in 2007 -- 08 .,"[[[16656,20622,""James_Jones_-LRB-basketball_player-RRB-"",15],[16656,20622,""NBA_playoffs"",0]]]",gpt-5.4-mini,claim_plus_evidence,Supported,Yes,,
7138,The Tenth Doctor travels alone during the time period 2009-2010.,Refuted,7138,The Tenth Doctor travels alone during the time period 2009-2010.,Refuted,"He eventually parts ways with them all by the end of the 2008 series finale , `` Journey 's End '' , after which he attempts to travel alone for the duration of the 2008 -- 2010 specials before being accompanied by Donna Noble 's grandfather Wilfred Mott on his final adventure in The End of Time .","[[[24063,29776,""Tenth_Doctor"",8]]]",gpt-5.4,claim_only,Refuted,Yes,,
7138,The Tenth Doctor travels alone during the time period 2009-2010.,Refuted,7138,The Tenth Doctor travels alone during the time period 2009-2010.,Refuted,"He eventually parts ways with them all by the end of the 2008 series finale , `` Journey 's End '' , after which he attempts to travel alone for the duration of the 2008 -- 2010 specials before being accompanied by Donna Noble 's grandfather Wilfred Mott on his final adventure in The End of Time .","[[[24063,29776,""Tenth_Doctor"",8]]]",gpt-5.4,claim_plus_evidence,Supported,No,refuted_to_supported,
7138,The Tenth Doctor travels alone during the time period 2009-2010.,Refuted,7138,The Tenth Doctor travels alone during the time period 2009-2010.,Refuted,"He eventually parts ways with them all by the end of the 2008 series finale , `` Journey 's End '' , after which he attempts to travel alone for the duration of the 2008 -- 2010 specials before being accompanied by Donna Noble 's grandfather Wilfred Mott on his final adventure in The End of Time .","[[[24063,29776,""Tenth_Doctor"",8]]]",gpt-5.4-mini,claim_only,Refuted,Yes,,
7138,The Tenth Doctor travels alone during the time period 2009-2010.,Refuted,7138,The Tenth Doctor travels alone during the time period 2009-2010.,Refuted,"He eventually parts ways with them all by the end of the 2008 series finale , `` Journey 's End '' , after which he attempts to travel alone for the duration of the 2008 -- 2010 specials before being accompanied by Donna Noble 's grandfather Wilfred Mott on his final adventure in The End of Time .","[[[24063,29776,""Tenth_Doctor"",8]]]",gpt-5.4-mini,claim_plus_evidence,Supported,No,refuted_to_supported,
1494,Food Network is available in the United States.,Supported,1494,Food Network is available in the United States.,Supported,"Food Network -LRB- legally known as Television Food Network -RRB- is an American basic cable and satellite television channel that is owned by Television Food Network , G.P. , a joint venture between Scripps Networks Interactive -LRB- which owns 70 % of the network -RRB- and the Tribune -LRB- FN -RRB- Cable Ventures Inc. -LRB- which owns the remaining 30 % -RRB- .","[[[17192,21283,""Food_Network"",0]],[[17192,21284,""Food_Network"",8]]]",gpt-5.4,claim_only,Supported,Yes,,
1494,Food Network is available in the United States.,Supported,1494,Food Network is available in the United States.,Supported,"Food Network -LRB- legally known as Television Food Network -RRB- is an American basic cable and satellite television channel that is owned by Television Food Network , G.P. , a joint venture between Scripps Networks Interactive -LRB- which owns 70 % of the network -RRB- and the Tribune -LRB- FN -RRB- Cable Ventures Inc. -LRB- which owns the remaining 30 % -RRB- .","[[[17192,21283,""Food_Network"",0]],[[17192,21284,""Food_Network"",8]]]",gpt-5.4,claim_plus_evidence,Supported,Yes,,
1494,Food Network is available in the United States.,Supported,1494,Food Network is available in the United States.,Supported,"Food Network -LRB- legally known as Television Food Network -RRB- is an American basic cable and satellite television channel that is owned by Television Food Network , G.P. , a joint venture between Scripps Networks Interactive -LRB- which owns 70 % of the network -RRB- and the Tribune -LRB- FN -RRB- Cable Ventures Inc. -LRB- which owns the remaining 30 % -RRB- .","[[[17192,21283,""Food_Network"",0]],[[17192,21284,""Food_Network"",8]]]",gpt-5.4-mini,claim_only,Supported,Yes,,
1494,Food Network is available in the United States.,Supported,1494,Food Network is available in the United States.,Supported,"Food Network -LRB- legally known as Television Food Network -RRB- is an American basic cable and satellite television channel that is owned by Television Food Network , G.P. , a joint venture between Scripps Networks Interactive -LRB- which owns 70 % of the network -RRB- and the Tribune -LRB- FN -RRB- Cable Ventures Inc. -LRB- which owns the remaining 30 % -RRB- .","[[[17192,21283,""Food_Network"",0]],[[17192,21284,""Food_Network"",8]]]",gpt-5.4-mini,claim_plus_evidence,Supported,Yes,,
8290,Freddie Highmore has been nominated for the Critics' Choice Television Award.,Supported,8290,Freddie Highmore has been nominated for the Critics' Choice Television Award.,Supported,"For five seasons , Highmore starred as Norman Bates in the A&E drama-thriller series Bates Motel -LRB- 2013 -- 2017 -RRB- , for which he was twice nominated for the Critics ' Choice Television Award for Best Actor in a Drama Series .","[[[13464,16830,""Freddie_Highmore"",5]],[[13468,16834,""Freddie_Highmore"",5]]]",gpt-5.4,claim_only,Supported,Yes,,
8290,Freddie Highmore has been nominated for the Critics' Choice Television Award.,Supported,8290,Freddie Highmore has been nominated for the Critics' Choice Television Award.,Supported,"For five seasons , Highmore starred as Norman Bates in the A&E drama-thriller series Bates Motel -LRB- 2013 -- 2017 -RRB- , for which he was twice nominated for the Critics ' Choice Television Award for Best Actor in a Drama Series .","[[[13464,16830,""Freddie_Highmore"",5]],[[13468,16834,""Freddie_Highmore"",5]]]",gpt-5.4,claim_plus_evidence,Supported,Yes,,
8290,Freddie Highmore has been nominated for the Critics' Choice Television Award.,Supported,8290,Freddie Highmore has been nominated for the Critics' Choice Television Award.,Supported,"For five seasons , Highmore starred as Norman Bates in the A&E drama-thriller series Bates Motel -LRB- 2013 -- 2017 -RRB- , for which he was twice nominated for the Critics ' Choice Television Award for Best Actor in a Drama Series .","[[[13464,16830,""Freddie_Highmore"",5]],[[13468,16834,""Freddie_Highmore"",5]]]",gpt-5.4-mini,claim_only,Supported,Yes,,
8290,Freddie Highmore has been nominated for the Critics' Choice Television Award.,Supported,8290,Freddie Highmore has been nominated for the Critics' Choice Television Award.,Supported,"For five seasons , Highmore starred as Norman Bates in the A&E drama-thriller series Bates Motel -LRB- 2013 -- 2017 -RRB- , for which he was twice nominated for the Critics ' Choice Television Award for Best Actor in a Drama Series .","[[[13464,16830,""Freddie_Highmore"",5]],[[13468,16834,""Freddie_Highmore"",5]]]",gpt-5.4-mini,claim_plus_evidence,Supported,Yes,,
4916,Paul Nicholls created Joe Wicks.,Refuted,4916,Paul Nicholls created Joe Wicks.,Refuted,"He is best known for his roles as Joe Wicks in BBC 's EastEnders , and as DS Sam Casey in ITV 's Law & Order : UK .","[[[21283,26146,""Paul_Nicholls_-LRB-actor-RRB-"",1]]]",gpt-5.4,claim_only,Refuted,Yes,,
4916,Paul Nicholls created Joe Wicks.,Refuted,4916,Paul Nicholls created Joe Wicks.,Refuted,"He is best known for his roles as Joe Wicks in BBC 's EastEnders , and as DS Sam Casey in ITV 's Law & Order : UK .","[[[21283,26146,""Paul_Nicholls_-LRB-actor-RRB-"",1]]]",gpt-5.4,claim_plus_evidence,Refuted,Yes,,
4916,Paul Nicholls created Joe Wicks.,Refuted,4916,Paul Nicholls created Joe Wicks.,Refuted,"He is best known for his roles as Joe Wicks in BBC 's EastEnders , and as DS Sam Casey in ITV 's Law & Order : UK .","[[[21283,26146,""Paul_Nicholls_-LRB-actor-RRB-"",1]]]",gpt-5.4-mini,claim_only,Refuted,Yes,,
4916,Paul Nicholls created Joe Wicks.,Refuted,4916,Paul Nicholls created Joe Wicks.,Refuted,"He is best known for his roles as Joe Wicks in BBC 's EastEnders , and as DS Sam Casey in ITV 's Law & Order : UK .","[[[21283,26146,""Paul_Nicholls_-LRB-actor-RRB-"",1]]]",gpt-5.4-mini,claim_plus_evidence,Refuted,Yes,,
8208,Veeru Devgan choreographs stunts.,Supported,8208,Veeru Devgan choreographs stunts.,Supported,Veeru Devgan is an Indian stunt and action choreographer and film director in Bollywood .,"[[[13351,16693,""Veeru_Devgan"",0]],[[13351,16694,""Veeru_Devgan"",2]],[[22596,27858,""Veeru_Devgan"",0]],[[100046,113267,""Veeru_Devgan"",0]],[[299232,290608,""Veeru_Devgan"",0]],[[299232,290609,""Veeru_Devgan"",2]]]",gpt-5.4,claim_only,Supported,Yes,,
8208,Veeru Devgan choreographs stunts.,Supported,8208,Veeru Devgan choreographs stunts.,Supported,Veeru Devgan is an Indian stunt and action choreographer and film director in Bollywood .,"[[[13351,16693,""Veeru_Devgan"",0]],[[13351,16694,""Veeru_Devgan"",2]],[[22596,27858,""Veeru_Devgan"",0]],[[100046,113267,""Veeru_Devgan"",0]],[[299232,290608,""Veeru_Devgan"",0]],[[299232,290609,""Veeru_Devgan"",2]]]",gpt-5.4,claim_plus_evidence,Supported,Yes,,
8208,Veeru Devgan choreographs stunts.,Supported,8208,Veeru Devgan choreographs stunts.,Supported,Veeru Devgan is an Indian stunt and action choreographer and film director in Bollywood .,"[[[13351,16693,""Veeru_Devgan"",0]],[[13351,16694,""Veeru_Devgan"",2]],[[22596,27858,""Veeru_Devgan"",0]],[[100046,113267,""Veeru_Devgan"",0]],[[299232,290608,""Veeru_Devgan"",0]],[[299232,290609,""Veeru_Devgan"",2]]]",gpt-5.4-mini,claim_only,Supported,Yes,,
8208,Veeru Devgan choreographs stunts.,Supported,8208,Veeru Devgan choreographs stunts.,Supported,Veeru Devgan is an Indian stunt and action choreographer and film director in Bollywood .,"[[[13351,16693,""Veeru_Devgan"",0]],[[13351,16694,""Veeru_Devgan"",2]],[[22596,27858,""Veeru_Devgan"",0]],[[100046,113267,""Veeru_Devgan"",0]],[[299232,290608,""Veeru_Devgan"",0]],[[299232,290609,""Veeru_Devgan"",2]]]",gpt-5.4-mini,claim_plus_evidence,Supported,Yes,,
6876,The Wallace  is historically inaccurate.,Supported,6876,The Wallace  is historically inaccurate.,Supported,"The poem is historically inaccurate , and mentions several events that never happened .","[[[23787,29448,""The_Wallace_-LRB-poem-RRB-"",2]]]",gpt-5.4,claim_only,Supported,Yes,,
6876,The Wallace  is historically inaccurate.,Supported,6876,The Wallace  is historically inaccurate.,Supported,"The poem is historically inaccurate , and mentions several events that never happened .","[[[23787,29448,""The_Wallace_-LRB-poem-RRB-"",2]]]",gpt-5.4,claim_plus_evidence,Supported,Yes,,
6876,The Wallace  is historically inaccurate.,Supported,6876,The Wallace  is historically inaccurate.,Supported,"The poem is historically inaccurate , and mentions several events that never happened .","[[[23787,29448,""The_Wallace_-LRB-poem-RRB-"",2]]]",gpt-5.4-mini,claim_only,Refuted,No,supported_to_refuted,
6876,The Wallace  is historically inaccurate.,Supported,6876,The Wallace  is historically inaccurate.,Supported,"The poem is historically inaccurate , and mentions several events that never happened .","[[[23787,29448,""The_Wallace_-LRB-poem-RRB-"",2]]]",gpt-5.4-mini,claim_plus_evidence,Supported,Yes,,
7041,Kareem Abdul-Jabbar is not ranked 3rd all-time in blocks.,Refuted,7041,Kareem Abdul-Jabbar is not ranked 3rd all-time in blocks.,Refuted,He is ranked 3rd all-time in both rebounds and blocks .,"[[[23953,29664,""Kareem_Abdul-Jabbar"",18]]]",gpt-5.4,claim_only,Refuted,Yes,,
7041,Kareem Abdul-Jabbar is not ranked 3rd all-time in blocks.,Refuted,7041,Kareem Abdul-Jabbar is not ranked 3rd all-time in blocks.,Refuted,He is ranked 3rd all-time in both rebounds and blocks .,"[[[23953,29664,""Kareem_Abdul-Jabbar"",18]]]",gpt-5.4,claim_plus_evidence,Refuted,Yes,,
7041,Kareem Abdul-Jabbar is not ranked 3rd all-time in blocks.,Refuted,7041,Kareem Abdul-Jabbar is not ranked 3rd all-time in blocks.,Refuted,He is ranked 3rd all-time in both rebounds and blocks .,"[[[23953,29664,""Kareem_Abdul-Jabbar"",18]]]",gpt-5.4-mini,claim_only,Supported,No,refuted_to_supported,
7041,Kareem Abdul-Jabbar is not ranked 3rd all-time in blocks.,Refuted,7041,Kareem Abdul-Jabbar is not ranked 3rd all-time in blocks.,Refuted,He is ranked 3rd all-time in both rebounds and blocks .,"[[[23953,29664,""Kareem_Abdul-Jabbar"",18]]]",gpt-5.4-mini,claim_plus_evidence,Refuted,Yes,,
1916,Anna Nicole Smith had a modelling career.,Supported,1916,Anna Nicole Smith had a modelling career.,Supported,"Vickie Lynn Hogan professionally known as Anna Nicole Smith -LRB- born November 28 , 1967 -- February 8 , 2007 -RRB- was an American model , actress and television personality .","[[[17728,21875,""Anna_Nicole_Smith"",0]],[[17728,21876,""Anna_Nicole_Smith"",1]],[[17728,21877,""Anna_Nicole_Smith"",2]]]",gpt-5.4,claim_only,Supported,Yes,,
1916,Anna Nicole Smith had a modelling career.,Supported,1916,Anna Nicole Smith had a modelling career.,Supported,"Vickie Lynn Hogan professionally known as Anna Nicole Smith -LRB- born November 28 , 1967 -- February 8 , 2007 -RRB- was an American model , actress and television personality .","[[[17728,21875,""Anna_Nicole_Smith"",0]],[[17728,21876,""Anna_Nicole_Smith"",1]],[[17728,21877,""Anna_Nicole_Smith"",2]]]",gpt-5.4,claim_plus_evidence,Supported,Yes,,
1916,Anna Nicole Smith had a modelling career.,Supported,1916,Anna Nicole Smith had a modelling career.,Supported,"Vickie Lynn Hogan professionally known as Anna Nicole Smith -LRB- born November 28 , 1967 -- February 8 , 2007 -RRB- was an American model , actress and television personality .","[[[17728,21875,""Anna_Nicole_Smith"",0]],[[17728,21876,""Anna_Nicole_Smith"",1]],[[17728,21877,""Anna_Nicole_Smith"",2]]]",gpt-5.4-mini,claim_only,Supported,Yes,,
1916,Anna Nicole Smith had a modelling career.,Supported,1916,Anna Nicole Smith had a modelling career.,Supported,"Vickie Lynn Hogan professionally known as Anna Nicole Smith -LRB- born November 28 , 1967 -- February 8 , 2007 -RRB- was an American model , actress and television personality .","[[[17728,21875,""Anna_Nicole_Smith"",0]],[[17728,21876,""Anna_Nicole_Smith"",1]],[[17728,21877,""Anna_Nicole_Smith"",2]]]",gpt-5.4-mini,claim_plus_evidence,Supported,Yes,,
7639,A part of Saw (franchise) is Saw II.,Supported,7639,A part of Saw (franchise) is Saw II.,Supported,He was introduced briefly in Saw and developed in more detail in Saw II .,"[[[12418,15528,""Saw_-LRB-franchise-RRB-"",14]],[[16746,20746,""Saw_-LRB-franchise-RRB-"",14],[16746,20746,""Saw_II"",0]],[[19084,23393,""Saw_-LRB-franchise-RRB-"",14],[19084,23393,""Saw_II"",0]],[[90602,103340,""Saw_-LRB-franchise-RRB-"",14],[90602,103340,""Saw_II"",0]]]",gpt-5.4,claim_only,Supported,Yes,,
7639,A part of Saw (franchise) is Saw II.,Supported,7639,A part of Saw (franchise) is Saw II.,Supported,He was introduced briefly in Saw and developed in more detail in Saw II .,"[[[12418,15528,""Saw_-LRB-franchise-RRB-"",14]],[[16746,20746,""Saw_-LRB-franchise-RRB-"",14],[16746,20746,""Saw_II"",0]],[[19084,23393,""Saw_-LRB-franchise-RRB-"",14],[19084,23393,""Saw_II"",0]],[[90602,103340,""Saw_-LRB-franchise-RRB-"",14],[90602,103340,""Saw_II"",0]]]",gpt-5.4,claim_plus_evidence,Supported,Yes,,
7639,A part of Saw (franchise) is Saw II.,Supported,7639,A part of Saw (franchise) is Saw II.,Supported,He was introduced briefly in Saw and developed in more detail in Saw II .,"[[[12418,15528,""Saw_-LRB-franchise-RRB-"",14]],[[16746,20746,""Saw_-LRB-franchise-RRB-"",14],[16746,20746,""Saw_II"",0]],[[19084,23393,""Saw_-LRB-franchise-RRB-"",14],[19084,23393,""Saw_II"",0]],[[90602,103340,""Saw_-LRB-franchise-RRB-"",14],[90602,103340,""Saw_II"",0]]]",gpt-5.4-mini,claim_only,Supported,Yes,,
7639,A part of Saw (franchise) is Saw II.,Supported,7639,A part of Saw (franchise) is Saw II.,Supported,He was introduced briefly in Saw and developed in more detail in Saw II .,"[[[12418,15528,""Saw_-LRB-franchise-RRB-"",14]],[[16746,20746,""Saw_-LRB-franchise-RRB-"",14],[16746,20746,""Saw_II"",0]],[[19084,23393,""Saw_-LRB-franchise-RRB-"",14],[19084,23393,""Saw_II"",0]],[[90602,103340,""Saw_-LRB-franchise-RRB-"",14],[90602,103340,""Saw_II"",0]]]",gpt-5.4-mini,claim_plus_evidence,Supported,Yes,,
